20844_579080,"'CALI BEAR SURFING' Cool Surfing Surfboard Shirt","'CALI BEAR SURFING' Cool Surfing Surfboard Shirt",,"","","",,"","",Black,"Black",37027_1563640331-Black-Unisex Short Sleep Classic Tee,40,https://149.28.75.33/wp-content/uploads/2019/06/UnisexCrew_FRONT_46be88da32-1571.png
,"","",,"","",Kelly Green,"Kelly Green",37027_1887223952-Kelly Green-Unisex Short Sleep Classic Tee,40,https://149.28.75.33/wp-content/uploads/2019/06/UnisexCrew_FRONT_46be88da32-1572.png
,"","",,"","",unisex-long-sleeve-classic-tee,"Navy",37027_1920590345-Navy-Unisex Long Sleeve Classic Tee,12.65,https://149.28.75.33/wp-content/uploads/2019/06/UnisexLongSleeve_FRONT_e4bc4896e8-54.png
,"","",,"","",unisex-long-sleeve-classic-tee,"Military Green",37027_1157234309-Military Green-Unisex Long Sleeve Classic Tee,12.65,https://149.28.75.33/wp-content/uploads/2019/06/UnisexLongSleeve_FRONT_e4bc4896e8-55.png
,"","",,"","",unisex-long-sleeve-classic-tee,"Dark Heather",37027_1237643027-Dark Heather-Unisex Long Sleeve Classic Tee,12.65,https://149.28.75.33/wp-content/uploads/2019/06/UnisexLongSleeve_FRONT_e4bc4896e8-57.png
23454_758034,"'Birth Is Joyous' T Shirt for Midwife or Doula","'Birth Is Joyous' T Shirt for Midwife or Doula",,"","","",,"","",Black,"Black",37034_1267753157-Black-Unisex Short Sleep Classic Tee,40,https://149.28.75.33/wp-content/uploads/2019/06/UnisexCrew_FRONT_46be88da32-1573.png
,"","",,"","",Kelly Green,"Kelly Green",37034_1432661637-Kelly Green-Unisex Short Sleep Classic Tee,40,https://149.28.75.33/wp-content/uploads/2019/06/UnisexCrew_FRONT_46be88da32-1574.png
,"","",,"","",unisex-long-sleeve-classic-tee,"Navy",37034_1207668110-Navy-Unisex Long Sleeve Classic Tee,12.65,https://149.28.75.33/wp-content/uploads/2019/06/UnisexLongSleeve_FRONT_e4bc4896e8-56.png
,"","",,"","",unisex-long-sleeve-classic-tee,"Military Green",37034_1095820730-Military Green-Unisex Long Sleeve Classic Tee,12.65,https://149.28.75.33/wp-content/uploads/2019/06/UnisexLongSleeve_FRONT_e4bc4896e8-58.png
,"","",,"","",unisex-long-sleeve-classic-tee,"Dark Heather",37034_1895205859-Dark Heather-Unisex Long Sleeve Classic Tee,12.65,https://149.28.75.33/wp-content/uploads/2019/06/UnisexLongSleeve_FRONT_e4bc4896e8-59.png
28401_783839,"'Carpe Diem Guitar with Wings' Cool Rock n Roll Gift Shirt","'Carpe Diem Guitar with Wings' Cool Rock n Roll Gift Shirt",,"","","",,"","",Black,"Black",37058_1076455747-Black-Unisex Short Sleep Classic Tee,40,https://149.28.75.33/wp-content/uploads/2019/06/UnisexCrew_FRONT_46be88da32-1579.png
,"","",,"","",Kelly Green,"Kelly Green",37058_1563879722-Kelly Green-Unisex Short Sleep Classic Tee,40,https://149.28.75.33/wp-content/uploads/2019/06/UnisexCrew_FRONT_46be88da32-1580.png
,"","",,"","",unisex-long-sleeve-classic-tee,"Navy",37058_1181771017-Navy-Unisex Long Sleeve Classic Tee,12.65,https://149.28.75.33/wp-content/uploads/2019/06/UnisexLongSleeve_FRONT_e4bc4896e8-66.png
,"","",,"","",unisex-long-sleeve-classic-tee,"Military Green",37058_1368844267-Military Green-Unisex Long Sleeve Classic Tee,12.65,https://149.28.75.33/wp-content/uploads/2019/06/UnisexLongSleeve_FRONT_e4bc4896e8-67.png
,"","",,"","",unisex-long-sleeve-classic-tee,"Dark Heather",37058_1087104692-Dark Heather-Unisex Long Sleeve Classic Tee,12.65,https://149.28.75.33/wp-content/uploads/2019/06/UnisexLongSleeve_FRONT_e4bc4896e8-68.png
86828_385777,"'Bunnies Doing Yoga' Cute Bunny Gift Shirt","'Bunnies Doing Yoga' Cute Bunny Gift Shirt",,"","","",,"","",Black,"Black",37066_1642313782-Black-Unisex Short Sleep Classic Tee,40,https://149.28.75.33/wp-content/uploads/2019/06/UnisexCrew_FRONT_46be88da32-1581.png
,"","",,"","",Kelly Green,"Kelly Green",37066_1387919096-Kelly Green-Unisex Short Sleep Classic Tee,40,https://149.28.75.33/wp-content/uploads/2019/06/UnisexCrew_FRONT_46be88da32-1582.png
,"","",,"","",unisex-long-sleeve-classic-tee,"Navy",37066_1091106091-Navy-Unisex Long Sleeve Classic Tee,12.65,https://149.28.75.33/wp-content/uploads/2019/06/UnisexLongSleeve_FRONT_e4bc4896e8-69.png
,"","",,"","",unisex-long-sleeve-classic-tee,"Military Green",37066_1133076107-Military Green-Unisex Long Sleeve Classic Tee,12.65,https://149.28.75.33/wp-content/uploads/2019/06/UnisexLongSleeve_FRONT_e4bc4896e8-70.png
,"","",,"","",unisex-long-sleeve-classic-tee,"Dark Heather",37066_1800284692-Dark Heather-Unisex Long Sleeve Classic Tee,12.65,https://149.28.75.33/wp-content/uploads/2019/06/UnisexLongSleeve_FRONT_e4bc4896e8-71.png
12336_644605,"'Boss Day' My Employees Better Than Yours Funny T-Shirt (1)","'Boss Day' My Employees Better Than Yours Funny T-Shirt (1)",,"","","",,"","",Black,"Black",37090_1021464213-Black-Unisex Short Sleep Classic Tee,40,https://149.28.75.33/wp-content/uploads/2019/06/UnisexCrew_FRONT_46be88da32-1587.png
,"","",,"","",Kelly Green,"Kelly Green",37090_1272967775-Kelly Green-Unisex Short Sleep Classic Tee,40,https://149.28.75.33/wp-content/uploads/2019/06/UnisexCrew_FRONT_46be88da32-1588.png
,"","",,"","",unisex-long-sleeve-classic-tee,"Navy",37090_1671472753-Navy-Unisex Long Sleeve Classic Tee,12.65,https://149.28.75.33/wp-content/uploads/2019/06/UnisexLongSleeve_FRONT_e4bc4896e8-78.png
,"","",,"","",unisex-long-sleeve-classic-tee,"Military Green",37090_1268290070-Military Green-Unisex Long Sleeve Classic Tee,12.65,https://149.28.75.33/wp-content/uploads/2019/06/UnisexLongSleeve_FRONT_e4bc4896e8-79.png
,"","",,"","",unisex-long-sleeve-classic-tee,"Dark Heather",37090_1570704721-Dark Heather-Unisex Long Sleeve Classic Tee,12.65,https://149.28.75.33/wp-content/uploads/2019/06/UnisexLongSleeve_FRONT_e4bc4896e8-80.png
86321_338667,"'Born to be a Rock Star' Amazing Rock n Roll Rocker Shirt","'Born to be a Rock Star' Amazing Rock n Roll Rocker Shirt",,"","","",,"","",Black,"Black",37098_1364474934-Black-Unisex Short Sleep Classic Tee,40,https://149.28.75.33/wp-content/uploads/2019/06/UnisexCrew_FRONT_46be88da32-1589.png
,"","",,"","",Kelly Green,"Kelly Green",37098_1363812889-Kelly Green-Unisex Short Sleep Classic Tee,40,https://149.28.75.33/wp-content/uploads/2019/06/UnisexCrew_FRONT_46be88da32-1590.png
,"","",,"","",unisex-long-sleeve-classic-tee,"Navy",37098_1360594721-Navy-Unisex Long Sleeve Classic Tee,12.65,https://149.28.75.33/wp-content/uploads/2019/06/UnisexLongSleeve_FRONT_e4bc4896e8-81.png
,"","",,"","",unisex-long-sleeve-classic-tee,"Military Green",37098_1836451558-Military Green-Unisex Long Sleeve Classic Tee,12.65,https://149.28.75.33/wp-content/uploads/2019/06/UnisexLongSleeve_FRONT_e4bc4896e8-82.png
,"","",,"","",unisex-long-sleeve-classic-tee,"Dark Heather",37098_1440990870-Dark Heather-Unisex Long Sleeve Classic Tee,12.65,https://149.28.75.33/wp-content/uploads/2019/06/UnisexLongSleeve_FRONT_e4bc4896e8-83.png
13272_600239,"'Buy Local' T-Shirt","'Buy Local' T-Shirt",,"","","",,"","",Black,"Black",37123_1556569826-Black-Unisex Short Sleep Classic Tee,40,https://149.28.75.33/wp-content/uploads/2019/06/UnisexCrew_FRONT_46be88da32-1595.png
,"","",,"","",Kelly Green,"Kelly Green",37123_1693358917-Kelly Green-Unisex Short Sleep Classic Tee,40,https://149.28.75.33/wp-content/uploads/2019/06/UnisexCrew_FRONT_46be88da32-1596.png
,"","",,"","",unisex-long-sleeve-classic-tee,"Navy",37123_1951700328-Navy-Unisex Long Sleeve Classic Tee,12.65,https://149.28.75.33/wp-content/uploads/2019/06/UnisexLongSleeve_FRONT_e4bc4896e8-90.png
,"","",,"","",unisex-long-sleeve-classic-tee,"Military Green",37123_1005134317-Military Green-Unisex Long Sleeve Classic Tee,12.65,https://149.28.75.33/wp-content/uploads/2019/06/UnisexLongSleeve_FRONT_e4bc4896e8-91.png
,"","",,"","",unisex-long-sleeve-classic-tee,"Dark Heather",37123_1869398540-Dark Heather-Unisex Long Sleeve Classic Tee,12.65,https://149.28.75.33/wp-content/uploads/2019/06/UnisexLongSleeve_FRONT_e4bc4896e8-93.png
78035_695494,"'Bunny Mom' Hilarous Bunny Gift Shirt (1)","'Bunny Mom' Hilarous Bunny Gift Shirt (1)",,"","","",,"","",Black,"Black",37128_1698059741-Black-Unisex Short Sleep Classic Tee,40,https://149.28.75.33/wp-content/uploads/2019/06/UnisexCrew_FRONT_46be88da32-1597.png
,"","",,"","",Kelly Green,"Kelly Green",37128_1206303812-Kelly Green-Unisex Short Sleep Classic Tee,40,https://149.28.75.33/wp-content/uploads/2019/06/UnisexCrew_FRONT_46be88da32-1598.png
,"","",,"","",unisex-long-sleeve-classic-tee,"Navy",37128_1240189904-Navy-Unisex Long Sleeve Classic Tee,12.65,https://149.28.75.33/wp-content/uploads/2019/06/UnisexLongSleeve_FRONT_e4bc4896e8-92.png
,"","",,"","",unisex-long-sleeve-classic-tee,"Military Green",37128_1637862185-Military Green-Unisex Long Sleeve Classic Tee,12.65,https://149.28.75.33/wp-content/uploads/2019/06/UnisexLongSleeve_FRONT_e4bc4896e8-94.png
,"","",,"","",unisex-long-sleeve-classic-tee,"Dark Heather",37128_1003143975-Dark Heather-Unisex Long Sleeve Classic Tee,12.65,https://149.28.75.33/wp-content/uploads/2019/06/UnisexLongSleeve_FRONT_e4bc4896e8-95.png
28589_542513,"'Born to Shoot Forced to Work' Funny Photography Gift Shirt","'Born to Shoot Forced to Work' Funny Photography Gift Shirt",,"","","",,"","",Black,"Black",37155_1497357946-Black-Unisex Short Sleep Classic Tee,40,https://149.28.75.33/wp-content/uploads/2019/06/UnisexCrew_FRONT_46be88da32-1603.png
,"","",,"","",Kelly Green,"Kelly Green",37155_1055813378-Kelly Green-Unisex Short Sleep Classic Tee,40,https://149.28.75.33/wp-content/uploads/2019/06/UnisexCrew_FRONT_46be88da32-1604.png
,"","",,"","",unisex-long-sleeve-classic-tee,"Navy",37155_1867977509-Navy-Unisex Long Sleeve Classic Tee,12.65,https://149.28.75.33/wp-content/uploads/2019/06/UnisexLongSleeve_FRONT_e4bc4896e8-102.png
,"","",,"","",unisex-long-sleeve-classic-tee,"Military Green",37155_1162872070-Military Green-Unisex Long Sleeve Classic Tee,12.65,https://149.28.75.33/wp-content/uploads/2019/06/UnisexLongSleeve_FRONT_e4bc4896e8-103.png
,"","",,"","",unisex-long-sleeve-classic-tee,"Dark Heather",37155_1853833355-Dark Heather-Unisex Long Sleeve Classic Tee,12.65,https://149.28.75.33/wp-content/uploads/2019/06/UnisexLongSleeve_FRONT_e4bc4896e8-105.png
19972_637575,"'Bunny Mom' Hilarous Bunny Gift Shirt","'Bunny Mom' Hilarous Bunny Gift Shirt",,"","","",,"","",Black,"Black",37160_1863151477-Black-Unisex Short Sleep Classic Tee,40,https://149.28.75.33/wp-content/uploads/2019/06/UnisexCrew_FRONT_46be88da32-1605.png
,"","",,"","",Kelly Green,"Kelly Green",37160_1667937369-Kelly Green-Unisex Short Sleep Classic Tee,40,https://149.28.75.33/wp-content/uploads/2019/06/UnisexCrew_FRONT_46be88da32-1606.png
,"","",,"","",unisex-long-sleeve-classic-tee,"Navy",37160_1407485217-Navy-Unisex Long Sleeve Classic Tee,12.65,https://149.28.75.33/wp-content/uploads/2019/06/UnisexLongSleeve_FRONT_e4bc4896e8-104.png
,"","",,"","",unisex-long-sleeve-classic-tee,"Military Green",37160_1397935226-Military Green-Unisex Long Sleeve Classic Tee,12.65,https://149.28.75.33/wp-content/uploads/2019/06/UnisexLongSleeve_FRONT_e4bc4896e8-106.png
,"","",,"","",unisex-long-sleeve-classic-tee,"Dark Heather",37160_1328252967-Dark Heather-Unisex Long Sleeve Classic Tee,12.65,https://149.28.75.33/wp-content/uploads/2019/06/UnisexLongSleeve_FRONT_e4bc4896e8-107.png
